{
  "episode_key": "/gibson_1/Albertville/traj_-1/instruction.json",
  "success": false,
  "steps": 60,
  "trajectory": [
    [
      -5.50265,
      -0.342064,
      3.39,
      4.963717509682595
    ],
    [
      -5.510810559242141,
      -0.340114354953401,
      4.183343184260439,
      4.993480453054908
    ],
    [
      -5.515459113631578,
      -0.3389505224057103,
      4.4418410543847,
      5.016108210120381
    ],
    [
      -5.5159968223761835,
      -0.3406785401195981,
      4.442602720179458,
      4.360632198325316
    ],
    [
      -5.521706343178568,
      -0.3425510169354942,
      4.440768889921227,
      3.5231783277582625
    ],
    [
      -5.529274811801805,
      -0.3363192015395567,
      4.443052264020451,
      3.1056071031217485
    ],
    [
      -5.528892005865975,
      -0.33336192287488364,
      4.4456777139265276,
      3.07059048892967
    ],
    [
      -5.370575650765785,
      1.9135072263807427,
      4.450425561007627,
      3.124996716659748
    ],
    [
      -5.373778465795577,
      1.9191435623167086,
      4.450447764284519,
      3.1388704038625432
    ],
    [
      -5.3776891809668035,
      1.9360137549100962,
      4.4512693272838595,
      2.265231663565846
    ],
    [
      -5.390819403480354,
      1.9436081515244512,
      4.45302344446934,
      1.4880499490680874
    ],
    [
      -5.3917304161054105,
      1.9473822053950187,
      4.45630780160178,
      0.8868220459741144
    ],
    [
      -5.396529565029285,
      1.9545435483368383,
      4.458431224337903,
      0.09228361373788019
    ],
    [
      -5.401441726439229,
      1.9587765585142212,
      4.458773759622149,
      0.08790631747557458
    ],
    [
      -5.377754025489723,
      1.7476286516989168,
      4.929993284794691,
      5.46399844969252
    ],
    [
      -5.38077662369856,
      1.7520196782828044,
      4.9302099930432215,
      4.551222480195789
    ],
    [
      -5.384971443391639,
      1.758783279414564,
      4.932754638125616,
      3.6350245994720716
    ],
    [
      -5.391461320458254,
      1.7698867573653843,
      4.932948925022566,
      2.8546989538908614
    ],
    [
      -5.397469861141309,
      1.7843784230886741,
      4.935491400404227,
      1.963123103531097
    ],
    [
      -5.403066742443231,
      1.7901065111259356,
      4.936245028316846,
      1.669005058938122
    ],
    [
      -5.404996581639474,
      1.7944881072657277,
      4.9381967610636135,
      1.6497414644606676
    ],
    [
      -5.412702730982773,
      1.7997790647777285,
      4.9391406013145716,
      2.614990560452564
    ],
    [
      -5.41961425719447,
      1.8121287291047765,
      4.941585088104556,
      2.749970209361295
    ],
    [
      -5.424464790979391,
      1.816013214229848,
      4.943888234742362,
      3.5865321039309097
    ],
    [
      -5.429611239493925,
      1.8346519093447526,
      4.946014767075203,
      4.17690074529334
    ],
    [
      -5.434329806672584,
      1.8439961999531627,
      4.948373395398274,
      5.0640685721166925
    ],
    [
      -5.432959196210482,
      1.8484708265972531,
      4.9489916338653925,
      5.469621556627737
    ],
    [
      -5.4384453454640065,
      1.852132902024215,
      4.950248022462383,
      6.058121266798376
    ],
    [
      -5.4427041161833145,
      1.8584185172595282,
      4.950567237306946,
      6.75134341841045
    ],
    [
      -5.447926775441796,
      1.861947566697088,
      4.953393509255125,
      7.284986564502228
    ],
    [
      -5.452964226095368,
      1.8655512572107384,
      4.955722691840401,
      7.3672872476750335
    ],
    [
      -5.217430000665787,
      0.1596802123512564,
      4.952223432991553,
      7.393076552555933
    ],
    [
      -5.219906686309626,
      0.16524922274129844,
      4.951786955044867,
      7.412129919615531
    ],
    [
      -5.212637542266356,
      0.18475981330822436,
      4.954447540046746,
      1.9112914470062758
    ],
    [
      -5.218101054795582,
      0.1954082614618103,
      4.955484332165942,
      2.5472791389581113
    ],
    [
      -5.22573231782151,
      0.20333098574869155,
      4.956913184678005,
      3.168208347601573
    ],
    [
      -5.231559541199931,
      0.20756053811689865,
      4.958887072489121,
      3.6660958017308807
    ],
    [
      -5.236787020947146,
      0.21178950344475436,
      4.960716190284294,
      4.653916170603147
    ],
    [
      -5.243099492081887,
      0.22187246897162904,
      4.961814124566996,
      5.204829597213007
    ],
    [
      -5.250735484063331,
      0.2259614130367989,
      4.964709163346143,
      6.039128028722378
    ],
    [
      -5.227982069063108,
      0.23396907449188037,
      4.962019675601342,
      0.29268682180501493
    ],
    [
      -5.2344476369724005,
      0.23931152710327383,
      4.964526745179792,
      1.178195112945179
    ],
    [
      -5.238605527544292,
      0.25187246179850875,
      4.966753818753683,
      1.87256668320991
    ],
    [
      -5.2444054183439,
      0.256980492528986,
      4.96900785784783,
      2.758081684643688
    ],
    [
      -5.2482765246195795,
      0.26633905573471695,
      4.971619360175331,
      3.6503755083593634
    ],
    [
      -5.257625377171137,
      0.27142470897205084,
      4.975847536838485,
      4.591743263504575
    ],
    [
      -5.2598615860687525,
      0.27547579358259133,
      4.976250073834564,
      5.436918220693194
    ],
    [
      -5.2656398470525465,
      0.2815594647393718,
      4.978912533846323,
      6.368106067400412
    ],
    [
      -5.274342238728895,
      0.28457274826247686,
      4.976594677983326,
      0.892291824574138
    ],
    [
      -5.276634079716045,
      0.2947702822991985,
      4.980135167009787,
      1.604821009473545
    ],
    [
      -5.287974005432251,
      0.30551718862340677,
      4.982277549445405,
      2.023477987488251
    ],
    [
      -5.288002655071379,
      0.3102026548566914,
      4.982390862424842,
      2.7508745318073022
    ],
    [
      -5.293956148854263,
      0.32498591614057076,
      4.982047118473092,
      3.400207632730903
    ],
    [
      -5.299411789575001,
      0.3289483105654838,
      4.983096990131714,
      3.8301008349537606
    ],
    [
      -5.309234658193162,
      0.33813499271093217,
      4.984928160200148,
      4.549749606936566
    ],
    [
      -5.310564787845914,
      0.34809081012497145,
      4.987051740535203,
      5.322978401230546
    ],
    [
      -5.323941610741228,
      0.3467323246695271,
      4.986966714659674,
      6.198200696317909
    ],
    [
      -5.292018296039793,
      0.3604949093607909,
      4.982728463089456,
      0.5475957655087296
    ],
    [
      -5.297475459444974,
      0.3605127005118563,
      4.9843062447026325,
      1.4487198608684806
    ],
    [
      -5.30347941649778,
      0.36650459328626966,
      4.984394673972536,
      2.3045811451519462
    ]
  ],
  "instructions": [
    "Ascend in the living room to the sofa",
    "turn left to the television cabinet",
    "proceed forward to the living-room doorway",
    "turn left to the bathroom entrance",
    "turn left into the stairwell and ascend to its midpoint by the window",
    "turn right into the kitchen and approach the refrigerator",
    "turn right to the sink at the hallway entrance",
    "proceed down the hallway to the counter and approach the painting at its end",
    "turn right into the adjacent room to the picture frame by the doorway",
    "proceed to the light switch",
    "turn right to the railing by the staircase",
    "ascend toward the stairwell window",
    "turn right into the bedroom entrance by the side tables and lamps",
    "proceed to the bed at the center",
    "and finally descend in front of the bed"
  ],
  "current_instruction_index": 8,
  "termination_reason": "max_steps"
}