{
  "episode_key": "/gibson_1/Anaheim/traj_-3/vla_ins_1.json",
  "success": false,
  "steps": 15,
  "trajectory": [
    [
      1.71063,
      -0.519855,
      3.6,
      3.345798008668844
    ],
    [
      1.71063,
      -0.519855,
      3.6,
      3.345798008668844
    ],
    [
      1.7088878167593895,
      -0.5233174962949735,
      3.600520737379429,
      4.160063046132712
    ],
    [
      1.7098846181333949,
      -0.5239792587662324,
      3.60160863909862,
      4.446083367205708
    ],
    [
      1.7112721544815999,
      -0.5273572513356182,
      3.602129145151079,
      4.657071906395503
    ],
    [
      1.7159638154815677,
      -0.5261417040777164,
      3.6037547396356078,
      4.7375099183591844
    ],
    [
      1.7112556444808547,
      -0.5175085007800341,
      3.6037555293727386,
      5.133924936619136
    ],
    [
      1.7143974883077089,
      -0.5205712535714012,
      3.603366473089069,
      5.098631695963782
    ],
    [
      1.7161268331102657,
      -0.5180480855746831,
      3.6021711317021765,
      5.585745961345198
    ],
    [
      1.7105663981824537,
      -0.5213731882879804,
      3.601427144887752,
      6.337357800057193
    ],
    [
      1.7131990188807664,
      -0.5191715891648059,
      3.6024580871933205,
      6.362070125321582
    ],
    [
      1.7142514367204678,
      -0.512769133764321,
      3.599481748828628,
      6.365727202435618
    ],
    [
      1.7118006873672738,
      -0.5153202919024569,
      3.60055722939197,
      6.382818440029364
    ],
    [
      1.712064461468491,
      -0.5133465204726858,
      3.6000777891134783,
      6.450858489922465
    ],
    [
      1.7105421699009378,
      -0.5151307740966768,
      3.6001458581480725,
      6.462796668222269
    ],
    [
      1.707098739467222,
      -0.5186264430904601,
      3.6012152719536203,
      6.476321152766542
    ]
  ]
}